Модель,Accuracy,F1-score,Loss
Собственный encoder-only трансформер,0.8992105263157895,0.8990130714142395,0.30418699145504907
Предобученная ALBERT,0.9438157894736842,0.9438143169897701,0.16885885747688772
